tribler (4.1.9-1ubuntu1) gutsy; urgency=low

  * New release 

 -- Tribler <tribler@tribler.org>  Wed, 27 Feb 2008 14:59:40 +0100

tribler (4.1.8-1ubuntu1) gutsy; urgency=low

  * New release 

 -- Tribler <tribler@tribler.org>  Tue, 12 Feb 2008 09:12:17 +0100

tribler (4.1.7-1ubuntu1) feisty; urgency=low

  * New release

 -- Tribler <tribler@tribler.org>  Thu, 11 Oct 2007 14:56:08 +0200

tribler (4.1.6-1ubuntu1) feisty; urgency=low

  * New release

 -- Tribler <tribler@tribler.org>  Fri,  5 Oct 2007 11:00:26 +0200

tribler (4.1.5-1ubuntu3) feisty; urgency=low

  * changelog

 -- Tribler <tribler@ubuntu-dev>  Fri,  5 Oct 2007 11:00:22 +0200

tribler (4.1.5-1ubuntu2) feisty; urgency=low

  * Removed -x from tribler startup script. 

 -- Tribler Team <tribler@tribler.org>  Mon, 24 Sep 2007 16:08:16 +0200

tribler (4.1.5-1ubuntu1) feisty; urgency=low

  * New release

 -- Tribler Team <tribler@tribler.org>  Mon, 24 Sep 2007 15:58:13 +0200

tribler (4.1.4-1ubuntu4) feisty; urgency=low

  * New release

 -- Tribler Team <tribler@tribler.org>  Thu, 20 Sep 2007 15:00:21 +0200

tribler (4.1.4-1ubuntu2) feisty; urgency=low

  * Changed dependency to wx2.8-unicode, font enum problem

 -- Tribler Team <tribler@tribler.org>  Tue, 18 Sep 2007 14:31:06 +0200

tribler (4.1.4-1ubuntu1) feisty; urgency=low

  * New release

 -- Tribler Team <tribler@tribler.org>  Tue, 18 Sep 2007 14:21:21 +0200

tribler (4.0.2-1ubuntu1) feisty; urgency=low

  * New release

 -- Arno Bakker <arno@cs.vu.nl>  Wed, 11 Jun 2007 16:21:01 +0200

tribler (3.4.1-1) unstable; urgency=low

  * New release

 -- Arno Bakker <arno@cs.vu.nl>  Mon, 29 May 2006 11:53:04 +0200

tribler (3.4.0-1) unstable; urgency=low

  * New release

 -- Arno Bakker <arno@cs.vu.nl>  Wed, 24 May 2006 13:27:04 +0200

tribler (3.3.6-1) unstable; urgency=low

  * New release 

 -- Arno Bakker <arno@cs.vu.nl>  Mon,  3 Apr 2006 10:44:32 +0200

tribler (3.3.4-1) unstable; urgency=low

  * First public release.

 -- Arno Bakker <arno@cs.vu.nl>  Thu, 16 Mar 2006 08:56:42 +0100

tribler (3.3.3-2) unstable; urgency=low

  * Forgot to add joe24.bmp
  * Adjusted tribler script to ignore unicode earlier.

 -- Arno Bakker <arno@cs.vu.nl>  Fri, 10 Mar 2006 13:34:12 +0100

tribler (3.3.3-1) unstable; urgency=low

  * Fixes to work in Linux environment. 

 -- Arno Bakker <arno@cs.vu.nl>  Fri, 10 Mar 2006 12:49:51 +0100

tribler (3.3.2-1) unstable; urgency=low

  * Now depends on the wxpython2.6-gtk2-ansi that I built.

 -- Arno Bakker <arno@cs.vu.nl>  Fri, 10 Mar 2006 11:45:39 +0100

tribler (3.3.1-3) unstable; urgency=low

  * Attempt to build cleaner installer

 -- Arno Bakker <arno@localhost.localdomain>  Tue,  7 Mar 2006 13:10:29 +0100

tribler (3.3.1-2) unstable; urgency=low

  * Moved all python files to /usr/share/tribler/python
  * /usr/bin/tribler is now a script that adapts PYTHONPATH and calls python

 -- Otto Visser <o.w.visser@tudelft.nl>  Mon,  6 Mar 2006 16:10:42 +0100

tribler (3.3.1-1) unstable; urgency=low

  * Initial packaging

 -- Otto Visser <o.w.visser@tudelft.nl>  Fri, 24 Feb 2006 11:10:47 -0100

